title,score,pocket_edist,smiles,accessibility,ph4_con_1,ph4_con_2,ph4_opt_1,ph4_opt_2,ph4_opt_3,ph4_opt_4,class,ts_train,ts_known,ts_pocketvec,mw,clogp,qed,ra_score,sa_score
1-136,-15.635,0.0779810874507342,C(C1CCN(c2nnc3ccccc3n2)CC1)NC(=O)C,0.214,0.833276,0.0,48.69,44.7385,99.0,2.81027,1,0.56,0.1770833333333333,0.1710526315789473,285.35100000000006,1.3772999999999995,0.9221379225994392,0.99684286,77.87963623707448
13-1952,-15.7615,0.1176062923486672,C1CN(c2nc(-c3ccncc3)cc(N3CCOCC3)n2)CCO1,0.254,0.0,1.03101,99.0,99.0,99.0,0.0,1,0.35,0.2025316455696202,0.1515151515151515,327.3880000000001,1.2117999999999998,0.8394452592897533,0.9941479,64.89560360228724
13-1952,-15.7615,0.1176062923486672,C1CN(c2nc(-c3ccncc3)cc(N3CCOCC3)n2)CCO1,0.254,0.0,1.03101,99.0,99.0,99.0,0.0,1,0.35,0.2025316455696202,0.1515151515151515,327.3880000000001,1.2117999999999998,0.8394452592897533,0.9941479,64.89560360228724
13-1952,-15.7615,0.1176062923486672,C1CN(c2nc(-c3ccncc3)cc(N3CCOCC3)n2)CCO1,0.254,0.0,1.03101,99.0,99.0,99.0,0.0,1,0.35,0.2025316455696202,0.1515151515151515,327.3880000000001,1.2117999999999998,0.8394452592897533,0.9941479,64.89560360228724
13-1952,-15.7615,0.1176062923486672,C1CN(c2nc(-c3ccncc3)cc(N3CCOCC3)n2)CCO1,0.254,0.0,1.03101,99.0,99.0,99.0,0.0,1,0.35,0.2025316455696202,0.1515151515151515,327.3880000000001,1.2117999999999998,0.8394452592897533,0.9941479,64.89560360228724
15-3412,-15.4314,0.1889949205666679,c1(=O)o[nH]c(C2CCN(C(=O)c3ccc(Cl)cc3)CC2)c1,0.255,0.020986,0.0,45.5215,58.7465,99.0,1.41046,1,0.3370786516853932,0.1590909090909091,0.1538461538461538,306.7490000000001,2.6411000000000007,0.927244861301168,0.9905917,76.49516984692197
